urban_simple,building_age_class,population,total_incidents,structure_fires,incidents_per_1000
Inner Suburban,Newer (50%+ post-2010),47830.582411586154,870.0,112.0,18.189199381131875
Inner Suburban,Older (<50% post-2010),822219.9671126112,14762.0,2242.0,17.953833025777392
Outer Suburban,Newer (50%+ post-2010),133783.48696862566,257.0,30.0,1.9210143630078245
Outer Suburban,Older (<50% post-2010),1109685.9160328915,4190.0,617.0,3.775843181806956
Urban Core,Older (<50% post-2010),38257.96730484895,621.0,122.0,16.23191308235794
