housing_type,Act of nature,Equipment failure,Intentional,Other,Under investigation,Undetermined,Unintentional
Multifamily,0.7092198581560284,10.638297872340425,6.028368794326241,0.0,1.4184397163120568,4.964539007092199,76.24113475177306
Single-family,2.3333333333333335,16.333333333333332,9.666666666666666,0.6666666666666667,2.3333333333333335,4.333333333333334,64.33333333333333
