housing_type,Structure,Vehicle,Outdoor,Trash
"Multifamily
(<25% SF)",8.797403274923363,5.438889196243192,7.723222658665334,30.55296005989613
"Mixed-low
(25-50% SF)",6.64369991677459,4.990156826377359,8.143699720206364,22.635823805330674
"Mixed-high
(50-75% SF)",5.79286347994017,3.794047966094999,5.650972255191901,15.774602681796608
"Single-family
(>75% SF)",2.034094717498645,1.5600726446892261,2.328108408228537,4.5842134636252645
