housing_type,total_incidents,population,total_units,num_tracts,incidents_per_1000_pop,incidents_per_1000_units
Multifamily (<25% SF),762.0,185512,99043,46,4.107550994005779,7.693628020152863
Mixed-Low (25-50% SF),1010.3333333333334,288259,140253,64,3.504949830996893,7.20364864447344
Mixed-High (50-75% SF),905.5,311040,141592,68,2.9112011316872426,6.39513531837957
Single-Family (>75% SF),479.1666666666667,303451,116842,62,1.5790577940645003,4.100979670552256
