housing_type,No,Unknown
Multifamily,48.93617021276596,51.06382978723404
Single-family,61.66666666666667,38.333333333333336
