urban_class,population,area_sq_miles,num_stations,pop_per_station,sq_miles_per_station,stations_per_100k
inner_suburban,716268.0719156157,145.17551653546616,33,21705.09308835199,4.399258076832308,4.607213596962866
outer_suburban,534539.2659563293,4421.4323040472955,26,20559.202536781897,170.05508861720367,4.864001890204291
urban_core,38257.96730484787,2.557179764549429,2,19128.983652423936,1.2785898822747146,5.227669269680643
