urban_class,population,area_sq_miles,num_stations,pop_per_station,sq_miles_per_station,stations_per_100k
inner_suburban,716268.0719156157,145.1755165354661,33,21705.09308835199,4.399258076832306,4.607213596962866
outer_suburban,534539.6733031154,4421.432829785492,26,20559.21820396598,170.05510883790353,4.8639981835841155
urban_core,38257.967304847814,2.557179764549429,2,19128.983652423907,1.2785898822747146,5.227669269680651
