building_age,population,total_units,total_incidents,structure_fires,num_areas,incidents_per_1000_pop,structure_per_1000_units
Newer (50%+ post-2010),122780.38661921941,50158.82927221578,989.0,117.0,96,8.055032462694552,2.332590327518055
Older (<50% post-2010),1166284.9185575733,521473.8612677865,19138.0,2917.0,574,16.409369353476087,5.593760716804302
