sf_category,population,total_units,total_incidents,structure_fires,num_response_areas,incidents_per_1000_pop,incidents_per_1000_units,structure_fires_per_1000_units
<25% SF,143573.96878961238,73544.42893896281,4286.0,631.0,49,29.85220814143917,58.277697737745804,8.579847707073636
25-50% SF,346143.95550741605,169333.35552370484,8129.0,1125.0,128,23.48444879843016,48.00589922085391,6.64369991677459
50-75% SF,367738.39223348815,162096.00023401523,5665.0,939.0,184,15.40497299069911,34.94842557386694,5.79286347994017
>75% SF,429897.74144003063,166658.9058433194,2047.0,339.0,308,4.761597474653283,12.28257193722633,2.034094717498645
