urban_class,population,structure,vehicle,outdoor,trash,other,structure_per_1000,structure_annual_per_1000,vehicle_per_1000,vehicle_annual_per_1000,outdoor_per_1000,outdoor_annual_per_1000,trash_per_1000,trash_annual_per_1000,other_per_1000,other_annual_per_1000
urban_core,38257.96730484895,122.0,52.0,54.0,306.0,87.0,3.188878254505102,1.0629594181683675,1.359194010116929,0.4530646700389764,1.4114707028137339,0.47049023427124465,7.998333982611159,2.666111327537053,2.2740361323110156,0.7580120441036718
inner_suburban,870050.5495241974,2354.0,1424.0,2313.0,7639.0,1902.0,2.7055899238122736,0.9018633079374245,1.6366865129603558,0.5455621709867853,2.658466225054286,0.8861554083514287,8.779949629567527,2.926649876522509,2.186079878968116,0.728693292989372
outer_suburban,1243469.403001517,647.0,699.0,999.0,1637.0,465.0,0.5203183917821022,0.1734394639273674,0.5621368714925647,0.18737895716418826,0.8033973313606183,0.26779911045353944,1.3164779093466787,0.43882596978222627,0.373953712795483,0.12465123759849434
