sf_category,population,total_units,total_incidents,structure_fires,num_response_areas,incidents_per_1000_pop,incidents_per_1000_units,structure_fires_per_1000_units
<25% SF,143573.96878961206,73544.42893896259,0.0,0.0,49,0.0,0.0,0.0
25-50% SF,346143.9555074166,169333.3555237052,0.0,0.0,128,0.0,0.0,0.0
50-75% SF,367735.2640253192,162094.73730221248,0.0,0.0,191,0.0,0.0,0.0
>75% SF,429901.27699498547,166660.33229777508,0.0,0.0,339,0.0,0.0,0.0
