sf_category,population,total_units,total_incidents,structure_fires,num_response_areas,incidents_per_1000_pop,incidents_per_1000_units,structure_fires_per_1000_units
<25% SF,143528.69538382476,73548.5611681978,4240.0,617.0,45,29.541131051608758,57.6489863656689,8.389015232928706
25-50% SF,393190.69544580736,191704.57417693228,8430.0,1177.0,142,21.43997835564725,43.97391160953518,6.139655274546016
50-75% SF,884755.216053611,362769.33872573636,5942.0,979.0,205,6.7159818808459555,16.37955407386928,2.698684523446319
>75% SF,728592.0657410729,278664.9056210069,2088.0,350.0,356,2.86580117761265,7.4928703180146625,1.2559887985177836
