urban_class,population,total_units,single_family,multifamily,total_incidents,structure_fires,area_sq_miles,num_response_areas,incidents_per_1000_pop,incidents_per_1000_units,structure_fires_per_1000_units,pop_density,pct_single_family,annual_incidents_per_1000_pop,annual_incidents_per_1000_units
urban_core,38257.967304847814,12535.134082845447,2249.0752101678895,10257.19656672804,0.0,0.0,2.557179764549429,4,0.0,0.0,0.0,14961.000331390002,17.942171143153455,,
inner_suburban,716268.0719156157,341294.5660467673,167233.59856593175,169401.51287774532,0.0,0.0,145.1755165354661,166,0.0,0.0,0.0,4933.807635123053,48.99978353098533,,
outer_suburban,534539.6733031154,217803.1539330426,154173.33841680698,49714.27944175926,0.0,0.0,4421.432829785492,538,0.0,0.0,0.0,120.89738640879656,70.7856317196413,,
