year,total_incidents,structure_fires,vehicle_fires,outdoor_fires,incidents_per_1000,structure_per_1000
2022,7388,1064,734,1422,3.4334398229078165,0.49447482019138017
2023,7141,1045,755,1172,3.318651025363389,0.4856449126879627
2024,6404,1069,701,811,2.976143560625563,0.4967984800607006
