year,total_incidents,structure_fires,vehicle_fires,outdoor_fires,incidents_per_1000,structure_per_1000
2022,7388,1064,734,1422,5.73128268654098,0.8254040035841369
2023,7141,1045,755,1172,5.539671042851806,0.8106646463772772
2024,6404,1069,701,811,4.967939134354147,0.8292827817964683
